{"Train Loss": 0.02009085754308706, "Val Loss": 0.1122049934302385, "F1_Score": 0.9671922146782722, "_timestamp": 1678409645.9615119, "_runtime": 913.2432067394257, "_step": 30, "_wandb": {"runtime": 929}}