{"Train Loss": 0.002108460228208272, "Val Loss": 0.13599329313034436, "F1_Score": 0.9584058687506963, "_timestamp": 1678375211.1493254, "_runtime": 20678.433997392654, "_step": 35, "_wandb": {"runtime": 20677}}