{"Train Loss": 0.9760668638140656, "Val Loss": 1.1212193424051458, "F1_Score": 0.48022505614291305, "_timestamp": 1678326724.1521764, "_runtime": 1332.2592234611511, "_step": 27, "_wandb": {"runtime": 1340}}