{"Train Loss": 0.03585401381410304, "Val Loss": 0.027046227085520513, "F1_Score": 0.9905740690198659, "_timestamp": 1678593740.9511576, "_runtime": 685.3476126194, "_step": 19, "_wandb": {"runtime": 691}}