{"Train Loss": 0.04080883668114742, "Val Loss": 0.0720290841224293, "F1_Score": 0.9834298862080186, "_timestamp": 1678590410.7056196, "_runtime": 653.7902326583862, "_step": 25, "_wandb": {"runtime": 674}}