{"Train Loss": 0.03467182451500916, "Val Loss": 0.08723490089178085, "F1_Score": 0.9695509361362677, "_timestamp": 1678412711.352281, "_runtime": 562.3069131374359, "_step": 24, "_wandb": {"runtime": 569}}