{"Train Loss": 0.04144108181612359, "Val Loss": 0.1093346087468995, "F1_Score": 0.9646822231086292, "_timestamp": 1678592984.846414, "_runtime": 557.332405090332, "_step": 26, "_wandb": {"runtime": 569}}