{"Train Loss": 0.003916798931011447, "Val Loss": 0.021700082757674596, "F1_Score": 0.9929386174092709, "_timestamp": 1678411858.9546254, "_runtime": 978.2869863510132, "_step": 26, "_wandb": {"runtime": 983}}