{"Train Loss": 0.04882409671039949, "Val Loss": 0.15782667967406186, "F1_Score": 0.9554952117052639, "_timestamp": 1678328403.2893007, "_runtime": 1432.2768006324768, "_step": 28, "_wandb": {"runtime": 1436}}